{"cameraMode":{"drawMode":0,"name":"Shaded","section":"Shading Mode"},"sceneLighting":true,"audioPlay":false,"sceneViewState":{"m_AlwaysRefresh":false,"showFog":true,"showSkybox":false,"showFlares":true,"showImageEffects":true,"showParticleSystems":true,"showVisualEffectGraphs":true,"m_FxEnabled":true},"in2DMode":false,"pivot":{"x":4.617669582366943,"y":-0.42455703020095827,"z":0.011579036712646485},"rotation":{"x":-0.35224515199661257,"y":0.08462901413440705,"z":-0.031993668526411059,"w":-0.9315436482429504},"size":2.2735085487365724,"orthographic":false}