{"cameraMode":{"drawMode":0,"name":"Shaded","section":"Shading Mode"},"sceneLighting":true,"audioPlay":false,"sceneViewState":{"m_AlwaysRefresh":false,"showFog":true,"showSkybox":true,"showFlares":true,"showImageEffects":true,"showParticleSystems":true,"showVisualEffectGraphs":true,"m_FxEnabled":true},"in2DMode":false,"pivot":{"x":-1.7291786670684815,"y":-130.48854064941407,"z":9.334755897521973},"rotation":{"x":-0.6542322635650635,"y":-0.0018604205688461662,"z":0.001522077014669776,"w":-0.7563785314559937},"size":117.46566009521485,"orthographic":false}